Project ID,Title,Client,Year,Contract Value (Rs.)
project-cfhc-kirinda-sand-removal,Removal and Leveling of Accumulated Sea Sand at Kirinda Fishery Harbour,Ceylon Fishery Harbours Corporation,2026,
project-2,Procurement of Construction of Boat Launching Ramp at Beruwala,Ministry of Fisheries,2026,
project-6,Reconstruction of Bridge No. 4/1 on Horawela - Pelawatta - Pitigala Road (Balance Work),Road Development Authority,2026,
project-10,Reconstruction of Proposed Improvement and Rehabilitation of Kurikadduvan Jetty (Approach Road),Road Development Authority,2025,
project-11,Rehabilitation of Bridge No. 27/1 on Jaffna - Manipay - Karainagar Road (AB017),Road Development Authority,2026,
project-18,Reconstruction of Bridge No. 12/1 on Paranthan - Karachchi - Mullaitivu Road (A035) Balance Work,Road Development Authority,2026,
project-23,Maho to Anuradhapura Railway Line Track Rehabilitation & Ancillary Works,IRCON International Limited,2023,
project-92,Landslide Mitigation Measures at 05 Locations in Nuwara Eliya District (RLVMMP),Ministry of Defence / NBRO,2025,
project-93,Landslide Mitigation Measures at 05 Locations in Kegalle and Rathnapura Districts (RLVMMP),Ministry of Defence / NBRO,2025,
project-94,"Landslide Mitigation Measures at 06 Location in Ratnapura District (Site No. 62,65,66,70,71,106) Under Package 6C of Reduction of Landslide Vulnerability by Mitigation Measures Project (RLVMMP)",Ministry of Defence / NBRO,2025,
project-95,"Landslide Mitigation Measures at 02 Locations in Matara & Hambantota Districts (Site No. 104, 151) Under Package – 06F (RLVMMP)",Ministry of Defence - Disaster Management Division,2024,
project-96,Reactivation and Reconstruction of Myliddy Fishery Harbour in Northern Province – Phase II,State Ministry of Fishery Harbour Development,2021,
project-97,Widening & Redecking of Bridge No. 25/3 on Nagoda – Kalwellawa – Bellapitiya Road (B 304) – (Balance Work),Road Development Authority,2025,
project-98,Emergency Reconstruction of Northern Railway Line Damaged by Cyclone Ditwah (Maho to Omanthai),IRCON International Limited (Government of India Undertaking),2026,
project-99,Emergency Reconstruction of Northern Railway Line Damaged by Cyclone Ditwah (Medawachchiya to Talai Mannar),IRCON International Limited (Government of India Undertaking),2026,
project-29,Central Expressway Project Section 3 (Pothuhera to Galagedara),Road Development Authority,2025,
project-30,Rehabilitation of 30.12km Rural Roads in Rathnapura,Road Development Authority,2025,
project-31,Rehabilitation of 20.80 Km Rural Roads in Palindanuwara (Kalutara),Road Development Authority,2025,
project-32,Construction of Gandara Fishery Harbour,Ministry of Fisheries,2025,
project-91,"Second Integrated Road Investment Program - Rehabilitation, Improvement and Maintenance of 23.96 Km Rural Roads in Badulla District",Road Development Authority,2024,
project-33,Rehabilitation of 26.05 Km of Rural Roads in Kalutara District,Road Development Authority,2024,
project-34,Rectification of Unstable Slope at NIFS Kandy,Ministry of Defence / NBRO,2024,
project-35,RLVMMP Landslide Mitigation at Nursing Training School Kandy,Ministry of Defence,2024,
project-36,Anuradhapura to Vavuniya Railway Track Rehabilitation,IRCON International Limited,2023,
project-37,"Landslide Mitigation in 32 Sites (Kalutara, Rathnapura, Matara)",Ministry of Defence,2023,
project-38,Landslide Mitigation on Hatton Maskeliya - Delhouse Road,Ministry of Defence,2023,
project-39,Landslide Mitigation Along Railway Main Line (22 Sites),Ministry of Defence,2023,
project-40,Rehabilitation of Kalmadu Scheme Headworks,Ministry of Irrigation - IWWRMP (Kilinochchi Range),2023,
project-41,Second Integrated Road Investment Program - Mannar District (49.01 Km),Road Development Authority,2022,
project-42,Second Integrated Road Investment Program - Kilinochchi (53.60 Km),Road Development Authority,2022,
project-43,Integrated Road Development Program - Kurunegala (99.00 Km),Road Development Authority,2022,
project-44,Matara Stage IV Water Supply Project - Raw Water Intake,NWSDB,2022,
project-45,Pipe Laying Distribution Main in Katana Central Zone,NWSDB,2022,
project-46,Negombo Lagoon Dredging - Lellama Site II,Ministry of Fisheries,2022,
project-47,Construction of Fishery Harbor at Wellamankara Wennappuwa,Ministry of Fisheries,2021,
project-48,Central Expressway Project Section - 2 (Package-A),Road Development Authority,2020,
project-49,Countermeasures at Six Locations in Sabaragamuwa & Uva,Road Development Authority,2020,
project-50,Landslide Mitigation Works of Medithale - Pathanawatta,"CRIP, UVA Provincial Council",2020,
project-51,Construction of Flood Gate With Culvert Near Thalangama Tank,Ministry of Megapolis,2020,
project-52,Kolonnawa Canal Diversion Scheme - Stage III & IV,Ministry of Megapolis,2020,
project-53,Improvement of A009 Kandy Jaffna Road (Rambewa to Medawachchiya),Road Development Authority,2019,
project-54,Rehabilitation of Nawalapitiya - Nagaswella Road,Road Development Authority,2019,
project-55,New Bridge at CH. 6+100 Udappuwa Town,Road Development Authority,2019,
project-56,Reconstruction of Myliddy Fishery Harbor - Phase I,Ministry of Fisheries,2019,
project-57,Bank Protection Works of St.Sebestian North Canal,Metro Colombo Urban Dev.,2019,
project-58,Southern Expressway Subsection VI Structures (Matara to Beliatta),Road Development Authority,2018,
project-59,Rehabilitation of 81km of Rural Roads in Rathnapura (R3),Road Development Authority,2018,
project-60,Major Bridges Construction Project - Package 02,Road Development Authority,2018,
project-61,Ha. Filadhoo Harbour Construction (Maldives),Ministry of Housing (Maldives),2018,
project-62,Anchorage Facility at Peraliya Landing Site,Ministry of Fisheries,2018,
project-63,Rehabilitation of 42Km Rural Roads in Hambantota (H3),Road Development Authority,2017,
project-64,Reconstruction of Bridge 53/1 & 53/2 on Colombo-Batticaloa Road,Road Development Authority,2017,
project-65,Bridge Over Mahaweli River (Halloluwa & Dodanwala),Road Development Authority,2017,
project-66,Remedial Works at Ulhitiya - Rathkinda Dams,Mahaweli Authority,2017,
project-67,Coastal Protection Structures in Seenu Hulhudhoo (Maldives),Ministry of Environment (Maldives),2017,
project-68,Kiriella - Nedurana - Eheliyagoda Road (14+750 Km),Road Development Authority,2016,
project-69,Upgrading of Kotte - Bope (B240) Road,Road Development Authority,2016,
project-70,46 Nos. Bridges Under French Government (Kirimetiya - Yala),Road Development Authority,2016,
project-71,Distribution Mains in Eheliyagoda W.S.S.,NWSDB,2016,
project-72,Upgrading of Harbor Seawall in R.Vandhoo (Maldives),Ministry of Environment (Maldives),2016,
project-73,Hendala - Hunupitiya Road (4+020Km),Road Development Authority,2015,
project-74,Yakkalamulla - Imaduwa Road & Ahangama Road,Road Development Authority,2015,
project-75,Navathkuli - Keraitivu - Mannar Road (Sangupitiy Bridge Approach),Road Development Authority,2015,
project-76,Kahawatte - Ela - Bemmullegeadara Road,Road Development Authority,2014,
project-77,Sama Vihara Building Project (Havelock City),Mireka Capital Land,2014,
project-78,Kotamulla - Karangoda - Dimiyawa Road,Road Development Authority,2014,
project-79,Padawkema Udamaththala Bridge,Road Development Authority,2013,
project-80,Oluvil Port Project Coastal Protection,Sri Lanka Ports Authority,2012,
project-81,Colombo Port Expansion Project - 45m Control Tower,Sri Lanka Ports Authority,2012,
project-82,Ullukkulama - Elayapattuwa Road,Road Development Authority,2012,
project-83,SAGT Harbour Access Road,Hyundai Engineering,2010,
project-84,"Four Steel Bridges (Hirana, Molkawa, Lathpadura)",MCE Austria,2009,
project-85,Matara - Kamburugamuwa Hospital,Sam Hee Construction Korea,2009,
project-86,Matara Mahanama Bridge (116.4m),Road Development Authority,2007,
project-87,Three Storied Building at Sapugaskanda,Trelleborg Lanka,2007,
project-88,"Water Treatment Plant - Ampara (172,000 Cum/day)",NWSDB,2006,
project-89,Rock Revetment at Beruwala,Kundanmals group,2006,
project-90,Queen Elizabeth Quay Project - Colombo Harbour,Hyundai Engineering,2003,
